what,kind,bundleId,bundleVersion,description,time
stopped,bundle,org.eclipse.datatools.enablement.sybase.asa.schemaobjecteditor.examples,2.5.0.200810071,"org.eclipse.datatools.enablement.sybase.asa.schemaobjecteditor.examples",1412543954969
stopped,bundle,org.eclipse.datatools.sqltools.debugger.core.ui,1.0.0.v201003161000,"org.eclipse.datatools.sqltools.debugger.core.ui",1412543954969
stopped,bundle,org.eclipse.jst.server.preview.adapter,1.1.100.v20100308,"org.eclipse.jst.server.preview.adapter",1412543954969
stopped,bundle,org.eclipse.wst.xsl.jaxp.debug.ui,1.0.100.v201004290328,"org.eclipse.wst.xsl.jaxp.debug.ui",1412543954969
stopped,bundle,org.eclipse.jdt.debug.ui,3.5.2.v20100928a_r362,"org.eclipse.jdt.debug.ui",1412543954970
stopped,bundle,org.eclipse.jst.common.annotations.ui,1.1.300.v201002081900,"org.eclipse.jst.common.annotations.ui",1412543954970
stopped,bundle,org.eclipse.jst.j2ee.ejb.annotations.ui,1.1.200.v201004290730,"org.eclipse.jst.j2ee.ejb.annotations.ui",1412543954970
stopped,bundle,org.eclipse.jst.ejb.ui,1.1.502.v201101121843,"org.eclipse.jst.ejb.ui",1412543954970
stopped,bundle,org.eclipse.jst.ws.axis.creation.ui,1.0.600.v201008171516,"org.eclipse.jst.ws.axis.creation.ui",1412543954970
stopped,bundle,org.eclipse.jst.ws.axis.consumption.ui,1.0.505.v201004211805,"org.eclipse.jst.ws.axis.consumption.ui",1412543954970
stopped,bundle,org.eclipse.jst.ws.axis2.creation.ui,1.0.104.v201004211805,"org.eclipse.jst.ws.axis2.creation.ui",1412543954970
stopped,bundle,org.eclipse.jst.ws.axis2.consumption.ui,1.0.103.v201004211805,"org.eclipse.jst.ws.axis2.consumption.ui",1412543954970
stopped,bundle,org.eclipse.jst.ws.axis2.creation.core,1.0.106.v201004211805,"org.eclipse.jst.ws.axis2.creation.core",1412543954971
stopped,bundle,org.eclipse.jst.ws.axis2.consumption.core,1.0.105.v201004211805,"org.eclipse.jst.ws.axis2.consumption.core",1412543954971
stopped,bundle,org.eclipse.jst.ws.cxf.creation.ui,1.0.0.v201003311345,"org.eclipse.jst.ws.cxf.creation.ui",1412543954971
stopped,bundle,org.jboss.tools.ws.creation.ui,1.2.0.v20111025-2223-H243-Final,"org.jboss.tools.ws.creation.ui",1412543954971
stopped,bundle,org.eclipse.jst.ws.creation.ui,1.0.510.v201011041151,"org.eclipse.jst.ws.creation.ui",1412543954971
stopped,bundle,org.eclipse.jst.ws.cxf.consumption.ui,1.0.0.v201003222311,"org.eclipse.jst.ws.cxf.consumption.ui",1412543954971
stopped,bundle,org.jboss.tools.esb.project.core,1.4.1.v20111111-0222-H200-Final,"org.jboss.tools.esb.project.core",1412543954971
stopped,bundle,org.jboss.tools.ws.ui,1.2.1.v20111025-2223-H243-Final,"org.jboss.tools.ws.ui",1412543954971
stopped,bundle,org.jboss.tools.ws.creation.core,1.2.0.v20111025-2223-H243-Final,"org.jboss.tools.ws.creation.core",1412543954972
stopped,bundle,org.jboss.tools.ws.core,1.2.0.v20111025-2223-H243-Final,"org.jboss.tools.ws.core",1412543954972
stopped,bundle,org.eclipse.jst.ws.consumption.ui,1.1.302.v201101191731,"org.eclipse.jst.ws.consumption.ui",1412543954972
stopped,bundle,org.eclipse.jst.j2ee.webservice.ui,1.1.400.v201004110600,"org.eclipse.jst.j2ee.webservice.ui",1412543954972
stopped,bundle,org.jboss.tools.portlet.ui,1.2.0.v20111025-0629-H191-Final,"org.jboss.tools.portlet.ui",1412543954972
stopped,bundle,org.eclipse.jst.servlet.ui,1.1.404.v201101270100,"org.eclipse.jst.servlet.ui",1412543954974
stopped,bundle,org.eclipse.jst.ws.jaxws.dom.integration,1.0.0.v201004171919,"org.eclipse.jst.ws.jaxws.dom.integration",1412543954976
stopped,bundle,org.eclipse.jst.jee.ui,1.0.304.v201101272100,"org.eclipse.jst.jee.ui",1412543954977
stopped,bundle,org.eclipse.jst.j2ee.navigator.ui,1.1.403.v201012020600,"org.eclipse.jst.j2ee.navigator.ui",1412543954977
stopped,bundle,org.eclipse.jst.j2ee.jca.ui,1.1.400.v201004150700,"org.eclipse.jst.j2ee.jca.ui",1412543954977
stopped,bundle,org.jboss.ide.eclipse.as.wtp.ui,2.2.0.v20111110-1751-H262-Final,"org.jboss.ide.eclipse.as.wtp.ui",1412543954977
stopped,bundle,org.eclipse.jst.j2ee.ui,1.1.404.v201101122300,"org.eclipse.jst.j2ee.ui",1412543954977
stopped,bundle,org.eclipse.jst.jsf.facelet.ui,1.0.0.v20100602,"org.eclipse.jst.jsf.facelet.ui",1412543954977
stopped,bundle,org.eclipse.jst.jsf.ui,1.3.1.v20100906,"org.eclipse.jst.jsf.ui",1412543954977
stopped,bundle,org.eclipse.jst.ws.jaxrs.ui,1.0.301.v201012020511,"org.eclipse.jst.ws.jaxrs.ui",1412543954977
stopped,bundle,org.eclipse.jst.common.project.facet.ui,1.4.102.v201008182136,"org.eclipse.jst.common.project.facet.ui",1412543954978
stopped,bundle,org.eclipse.jst.common.ui,1.0.3.v201101101700,"org.eclipse.jst.common.ui",1412543954978
stopped,bundle,org.eclipse.jst.j2ee.ejb.annotations.emitter,1.1.200.v200909290826,"org.eclipse.jst.j2ee.ejb.annotations.emitter",1412543954978
stopped,bundle,org.eclipse.jst.jsf.apache.trinidad.tagsupport,1.1.101.v20100906,"org.eclipse.jst.jsf.apache.trinidad.tagsupport",1412543954978
stopped,bundle,org.eclipse.jst.jsf.facesconfig.ui,1.2.1.v201101112207,"org.eclipse.jst.jsf.facesconfig.ui",1412543954978
stopped,bundle,org.eclipse.jst.pagedesigner.jsf.ui,1.2.0.v20100414,"org.eclipse.jst.pagedesigner.jsf.ui",1412543954978
stopped,bundle,org.eclipse.jst.pagedesigner,1.3.2.v201101211220,"org.eclipse.jst.pagedesigner",1412543954978
stopped,bundle,org.eclipse.jst.jsf.common.ui,1.2.0.v20100329,"org.eclipse.jst.jsf.common.ui",1412543954978
stopped,bundle,org.eclipse.jst.jsf.facelet.core,1.0.2.v201101042130,"org.eclipse.jst.jsf.facelet.core",1412543954978
stopped,bundle,org.eclipse.jst.jsf.core,1.3.3.v201102021253,"org.eclipse.jst.jsf.core",1412543954979
stopped,bundle,org.eclipse.jst.jsf.standard.tagsupport,1.2.2.v20101027,"org.eclipse.jst.jsf.standard.tagsupport",1412543954979
stopped,bundle,org.eclipse.jst.pagedesigner.jsp.core,1.2.0.v20100308,"org.eclipse.jst.pagedesigner.jsp.core",1412543954979
stopped,bundle,org.eclipse.jst.jsf.common,1.2.2.v201101211220,"org.eclipse.jst.jsf.common",1412543954979
stopped,bundle,org.eclipse.wst.jsdt.web.support.jsp,1.0.303.v201012160047,"org.eclipse.wst.jsdt.web.support.jsp",1412543954979
stopped,bundle,org.apache.struts2.ide.jsp.core,1.0.0.201409250712,"org.apache.struts2.ide.jsp.core",1412543954979
stopped,bundle,org.eclipse.jst.jsp.search.editor,1.0.0.201409250712,"org.eclipse.jst.jsp.search.editor",1412543954981
stopped,bundle,org.eclipse.jst.jsp.ui,1.1.503.v201101262228,"org.eclipse.jst.jsp.ui",1412543954981
stopped,bundle,org.eclipse.jst.ws.cxf.consumption.core,1.0.0.v201003222311,"org.eclipse.jst.ws.cxf.consumption.core",1412543954981
stopped,bundle,org.eclipse.jst.ws.cxf.creation.core,1.0.0.v201003311345,"org.eclipse.jst.ws.cxf.creation.core",1412543954981
stopped,bundle,org.eclipse.jst.ws.cxf.ui,1.0.0.v201004171919,"org.eclipse.jst.ws.cxf.ui",1412543954982
stopped,bundle,org.eclipse.jst.ws.cxf.core,1.0.0.v201003311345,"org.eclipse.jst.ws.cxf.core",1412543954982
stopped,bundle,org.eclipse.jst.ws.jaxws.ui,1.0.1.v201008232129,"org.eclipse.jst.ws.jaxws.ui",1412543954982
stopped,bundle,org.eclipse.jst.ws.jaxws.core,1.0.0.v201004171919,"org.eclipse.jst.ws.jaxws.core",1412543954982
stopped,bundle,org.eclipse.jst.ws.annotations.core,1.0.0.v201004262257,"org.eclipse.jst.ws.annotations.core",1412543954982
stopped,bundle,org.eclipse.jst.ws.axis2.ui,1.0.303.v201003110431,"org.eclipse.jst.ws.axis2.ui",1412543954982
stopped,bundle,org.eclipse.jst.ws.uddiregistry,1.0.500.v201004211805,"org.eclipse.jst.ws.uddiregistry",1412543954982
stopped,bundle,org.eclipse.jst.ws.ui,1.0.403.v201004211805,"org.eclipse.jst.ws.ui",1412543954982
stopped,bundle,org.jboss.ide.eclipse.archives.jdt.integration,3.2.0.v20111025-0345-H201-Final,"org.jboss.ide.eclipse.archives.jdt.integration",1412543954982
stopped,bundle,org.jboss.ide.eclipse.as.classpath.ui,2.1.0.v20111110-1751-H262-Final,"org.jboss.ide.eclipse.as.classpath.ui",1412543954982
stopped,bundle,org.jboss.ide.eclipse.freemarker,1.1.0.v20111025-0320-H192-Final,"org.jboss.ide.eclipse.freemarker",1412543954983
stopped,bundle,org.jboss.tools.common.gef,3.1.0.v20111025-0439-H174-Final,"org.jboss.tools.common.gef",1412543954983
stopped,bundle,org.jboss.tools.common.projecttemplates,3.2.1.v20111025-0439-H174-Final,"org.jboss.tools.common.projecttemplates",1412543954983
stopped,bundle,org.jboss.tools.common.text.xml,3.2.1.v20111025-0439-H174-Final,"org.jboss.tools.common.text.xml",1412543954983
stopped,bundle,org.jboss.tools.jst.firstrun,3.2.0.v20111025-0510-H215-Final,"org.jboss.tools.jst.firstrun",1412543954983
stopped,bundle,org.jboss.tools.vpe.xulrunner,3.2.1.v20111025-2102-H197-Final,"org.jboss.tools.vpe.xulrunner",1412543954983
stopped,bundle,org.jboss.tools.common,3.2.1.v20111025-0439-H174-Final,"org.jboss.tools.common",1412543954983
stopped,bundle,org.apache.struts2.ide.ui,1.0.0.201409250712,"org.apache.struts2.ide.ui",1412543954983
stopped,bundle,org.apache.struts2.ide.validators.ui,1.0.0.201409250712,"org.apache.struts2.ide.validators.ui",1412543954983
stopped,bundle,org.apache.struts2.ide.validators.core,1.0.0.201409250712,"org.apache.struts2.ide.validators.core",1412543954984
stopped,bundle,org.apache.struts2.ide.core,1.0.0.201409250712,"org.apache.struts2.ide.core",1412543954984
stopped,bundle,org.eclipse.jst.jee.web.xml,1.0.0.201409250712,"org.eclipse.jst.jee.web.xml",1412543954985
stopped,bundle,org.eclipse.jst.server.jetty.xml.ui,1.0.0.201409250712,"org.eclipse.jst.server.jetty.xml.ui",1412543954985
stopped,bundle,org.eclipse.jst.server.jetty.xml.core,1.0.0.201409250712,"org.eclipse.jst.server.jetty.xml.core",1412543954986
stopped,bundle,org.eclipse.wst.html.search.editor,1.0.0.201409250712,"org.eclipse.wst.html.search.editor",1412543954986
stopped,bundle,org.eclipse.wst.xml.search.editor,1.0.0.201409250712,"org.eclipse.wst.xml.search.editor",1412543954987
stopped,bundle,org.eclipse.jdt.ui,3.6.2.r362_v20110203,"org.eclipse.jdt.ui",1412543955001
stopped,bundle,org.eclipse.rse.importexport,1.2.101.v201008191400,"org.eclipse.rse.importexport",1412543955002
stopped,bundle,org.eclipse.rse.subsystems.shells.telnet,1.2.0.v200905272300,"org.eclipse.rse.subsystems.shells.telnet",1412543955002
stopped,bundle,org.eclipse.rse.useractions,1.1.100.v200905272300,"org.eclipse.rse.useractions",1412543955002
stopped,bundle,org.eclipse.rse.shells.ui,3.0.200.v201006041352,"org.eclipse.rse.shells.ui",1412543955002
stopped,bundle,org.eclipse.rse.files.ui,3.1.102.R32x_v201102011435,"org.eclipse.rse.files.ui",1412543955002
stopped,bundle,org.eclipse.rse.processes.ui,3.0.200.v201003010830,"org.eclipse.rse.processes.ui",1412543955002
stopped,bundle,org.eclipse.wst.dtd.ui,1.0.500.v201004290328,"org.eclipse.wst.dtd.ui",1412543955002
stopped,bundle,org.eclipse.wst.wsdl.ui,1.2.304.v201012071645,"org.eclipse.wst.wsdl.ui",1412543955002
stopped,bundle,org.eclipse.wst.wsi.ui,1.0.501.v201004201506,"org.eclipse.wst.wsi.ui",1412543955002
stopped,bundle,org.eclipse.wst.jsdt.web.ui,1.0.304.v201012160349,"org.eclipse.wst.jsdt.web.ui",1412543955002
stopped,bundle,org.eclipse.wst.web.ui,1.1.400.v201004141630,"org.eclipse.wst.web.ui",1412543955002
stopped,bundle,org.eclipse.wst.html.ui,1.0.504.v201101122108,"org.eclipse.wst.html.ui",1412543955002
stopped,bundle,org.eclipse.wst.css.ui,1.0.502.v201101122002,"org.eclipse.wst.css.ui",1412543955003
stopped,bundle,org.eclipse.wst.xsl.exslt.ui,1.0.0.v201006012005,"org.eclipse.wst.xsl.exslt.ui",1412543955003
stopped,bundle,org.eclipse.wst.xsl.ui,1.1.1.v201009091745,"org.eclipse.wst.xsl.ui",1412543955003
stopped,bundle,org.eclipse.wst.xml.xpath.ui,1.1.2.v201101212242,"org.eclipse.wst.xml.xpath.ui",1412543955003
stopped,bundle,org.eclipse.wst.xsd.ui,1.2.304.v201101251958,"org.eclipse.wst.xsd.ui",1412543955003
stopped,bundle,org.eclipse.wst.xsl.debug.ui,1.0.101.v201102111830,"org.eclipse.wst.xsl.debug.ui",1412543955003
stopped,bundle,org.eclipse.wst.xml.ui,1.1.103.v201101122108,"org.eclipse.wst.xml.ui",1412543955003
stopped,bundle,org.eclipse.wst.common.ui,1.1.500.v200911190730,"org.eclipse.wst.common.ui",1412543955004
stopped,bundle,org.eclipse.wst.jsdt.debug.ui,1.0.3.v201011040143,"org.eclipse.wst.jsdt.debug.ui",1412543955004
stopped,bundle,org.eclipse.wst.jsdt.support.firefox,1.0.300.v201004150600,"org.eclipse.wst.jsdt.support.firefox",1412543955004
stopped,bundle,org.eclipse.wst.jsdt.ui,1.1.4.v201102160540,"org.eclipse.wst.jsdt.ui",1412543955013
stopped,bundle,org.eclipse.wst.xml.search.ui,1.0.0.201409250712,"org.eclipse.wst.xml.search.ui",1412543955013
stopped,bundle,org.eclipse.wst.sse.ui,1.2.3.v201102102045,"org.eclipse.wst.sse.ui",1412543955013
stopped,bundle,com.nubean.xmlespresso,8.0.0.201206142237,"com.nubean.xmlespresso",1412543955013
stopped,bundle,org.eclipse.search,3.6.0.v20100520-0800,"org.eclipse.search",1412543955013
stopped,bundle,org.eclipse.datatools.enablement.sybase.asa.ui,1.0.1.v200906111150,"org.eclipse.datatools.enablement.sybase.asa.ui",1412543955014
stopped,bundle,org.eclipse.datatools.enablement.sybase.ase.ui,1.0.1.v200906020900,"org.eclipse.datatools.enablement.sybase.ase.ui",1412543955014
stopped,bundle,org.eclipse.datatools.sqltools.ddlgen.ui,1.0.1.v201002270530,"org.eclipse.datatools.sqltools.ddlgen.ui",1412543955014
stopped,bundle,org.eclipse.datatools.connectivity.ui.dse,1.1.4.v201004270430,"org.eclipse.datatools.connectivity.ui.dse",1412543955014
stopped,bundle,org.eclipse.mylyn.team.ui,3.4.3.v20110131-0100-e3x,"org.eclipse.mylyn.team.ui",1412543955014
stopped,bundle,org.eclipse.ui.navigator.resources,3.4.202.M20101124-0800,"org.eclipse.ui.navigator.resources",1412543955014
stopped,bundle,org.eclipse.ltk.ui.refactoring,3.5.0.v20100526-0800,"org.eclipse.ltk.ui.refactoring",1412543955014
stopped,bundle,org.eclipse.mylyn.bugzilla.ui,3.4.3.v20110131-0100-e3x,"org.eclipse.mylyn.bugzilla.ui",1412543955014
stopped,bundle,org.eclipse.mylyn.ide.ui,3.4.0.v20100608-0100-e3x,"org.eclipse.mylyn.ide.ui",1412543955015
stopped,bundle,org.eclipse.mylyn.resources.ui,3.4.1.v20100909-0100-e3x,"org.eclipse.mylyn.resources.ui",1412543955015
stopped,bundle,org.eclipse.mylyn.wikitext.tasks.ui,1.3.1.v20100823-0100-e3x,"org.eclipse.mylyn.wikitext.tasks.ui",1412543955015
stopped,bundle,org.eclipse.mylyn.context.ui,3.4.2.v20110131-0100-e3x,"org.eclipse.mylyn.context.ui",1412543955015
stopped,bundle,org.eclipse.mylyn.help.ui,3.4.2.v20110131-0100-e3x,"org.eclipse.mylyn.help.ui",1412543955015
stopped,bundle,org.eclipse.mylyn.tasks.bugs,3.4.1.v20100823-0100-e3x,"org.eclipse.mylyn.tasks.bugs",1412543955015
stopped,bundle,org.eclipse.mylyn.tasks.ui,3.4.3.v20110131-0100-e3x,"org.eclipse.mylyn.tasks.ui",1412543955016
stopped,bundle,org.eclipse.team.cvs.ui,3.3.302.R36x_v20110203-1036,"org.eclipse.team.cvs.ui",1412543955018
stopped,bundle,org.eclipse.team.ui,3.5.102.R36x_v20110203-1036,"org.eclipse.team.ui",1412543955020
stopped,bundle,org.eclipse.compare,3.5.101.R36x_v20100929-0800,"org.eclipse.compare",1412543955020
stopped,bundle,org.eclipse.datatools.enablement.ingres.ui,1.0.0.v201006242214,"org.eclipse.datatools.enablement.ingres.ui",1412543955020
stopped,bundle,org.eclipse.datatools.sqltools.db.derby.ui,1.0.0.v200906020900,"org.eclipse.datatools.sqltools.db.derby.ui",1412543955020
stopped,bundle,org.eclipse.datatools.sqltools.db.generic.ui,1.0.0.v200906020900,"org.eclipse.datatools.sqltools.db.generic.ui",1412543955021
stopped,bundle,org.eclipse.datatools.sqltools.routineeditor.ui,1.0.1.v201004060545,"org.eclipse.datatools.sqltools.routineeditor.ui",1412543955021
stopped,bundle,org.eclipse.datatools.sqltools.sqlbuilder,1.0.3.v201009131745,"org.eclipse.datatools.sqltools.sqlbuilder",1412543955021
stopped,bundle,org.eclipse.datatools.sqltools.debugger.core,1.0.1.v201005250945,"org.eclipse.datatools.sqltools.debugger.core",1412543955021
stopped,bundle,org.eclipse.datatools.sqltools.schemaobjecteditor.ui.pages,1.1.0.200810071,"org.eclipse.datatools.sqltools.schemaobjecteditor.ui.pages",1412543955021
stopped,bundle,org.eclipse.datatools.sqltools.schemaobjecteditor.ui,1.1.1.200810071,"org.eclipse.datatools.sqltools.schemaobjecteditor.ui",1412543955021
stopped,bundle,org.eclipse.datatools.sqltools.sqlscrapbook,1.0.1.v201005250945,"org.eclipse.datatools.sqltools.sqlscrapbook",1412543955021
stopped,bundle,org.eclipse.datatools.sqltools.sqleditor,1.0.2.v201009230800,"org.eclipse.datatools.sqltools.sqleditor",1412543955021
stopped,bundle,org.eclipse.datatools.sqltools.editor.core.ui,1.0.0.v201001150815,"org.eclipse.datatools.sqltools.editor.core.ui",1412543955021
stopped,bundle,org.eclipse.datatools.sqltools.plan,1.0.0.v200906022302,"org.eclipse.datatools.sqltools.plan",1412543955021
stopped,bundle,org.eclipse.datatools.sqltools.data.ui,1.2.0.v201005250945,"org.eclipse.datatools.sqltools.data.ui",1412543955021
stopped,bundle,org.eclipse.datatools.sqltools.tabledataeditor,1.0.1.v201005250945,"org.eclipse.datatools.sqltools.tabledataeditor",1412543955021
stopped,bundle,org.eclipse.datatools.sqltools.result.ui,1.1.1.v201101140400,"org.eclipse.datatools.sqltools.result.ui",1412543955021
stopped,bundle,org.eclipse.datatools.sqltools.common.ui,1.0.0.v200906022302,"org.eclipse.datatools.sqltools.common.ui",1412543955021
stopped,bundle,org.eclipse.ui.externaltools,3.2.0.v20100427,"org.eclipse.ui.externaltools",1412543955021
stopped,bundle,org.eclipse.wst.server.preview.adapter,1.1.0.v20090311b,"org.eclipse.wst.server.preview.adapter",1412543955021
stopped,bundle,org.eclipse.wst.server.http.ui,1.0.200.v20090113,"org.eclipse.wst.server.http.ui",1412543955021
stopped,bundle,org.eclipse.wst.server.ui,1.1.207.v20110119,"org.eclipse.wst.server.ui",1412543955021
stopped,bundle,org.jboss.ide.eclipse.archives.ui,3.2.0.v20111025-0345-H201-Final,"org.jboss.ide.eclipse.archives.ui",1412543955022
stopped,bundle,org.eclipse.debug.ui,3.6.3.v20101201_r362,"org.eclipse.debug.ui",1412543955047
stopped,bundle,org.eclipse.mylyn.wikitext.ui,1.3.0.v20100608-0100-e3x,"org.eclipse.mylyn.wikitext.ui",1412543955047
stopped,bundle,org.eclipse.rse.subsystems.files.dstore,2.1.102.R32x_v201102011435,"org.eclipse.rse.subsystems.files.dstore",1412543955047
stopped,bundle,org.eclipse.rse.subsystems.processes.dstore,2.1.100.v200905272300,"org.eclipse.rse.subsystems.processes.dstore",1412543955047
stopped,bundle,org.eclipse.rse.subsystems.shells.dstore,2.1.201.v201008191400,"org.eclipse.rse.subsystems.shells.dstore",1412543955047
stopped,bundle,org.eclipse.rse.connectorservice.dstore,3.1.100.v201005281600,"org.eclipse.rse.connectorservice.dstore",1412543955047
stopped,bundle,org.eclipse.rse.subsystems.files.local,2.1.101.v200907301400,"org.eclipse.rse.subsystems.files.local",1412543955047
stopped,bundle,org.eclipse.rse.subsystems.processes.local,2.1.100.v200905272300,"org.eclipse.rse.subsystems.processes.local",1412543955047
stopped,bundle,org.eclipse.rse.subsystems.shells.local,2.1.100.v200905272300,"org.eclipse.rse.subsystems.shells.local",1412543955047
stopped,bundle,org.eclipse.rse.connectorservice.local,2.1.100.v200905272300,"org.eclipse.rse.connectorservice.local",1412543955047
stopped,bundle,org.eclipse.rse.subsystems.files.ssh,2.1.100.v200905272300,"org.eclipse.rse.subsystems.files.ssh",1412543955047
stopped,bundle,org.eclipse.rse.subsystems.shells.ssh,2.1.100.v200905272300,"org.eclipse.rse.subsystems.shells.ssh",1412543955047
stopped,bundle,org.eclipse.rse.subsystems.terminals.ssh,1.0.1.v200908051630,"org.eclipse.rse.subsystems.terminals.ssh",1412543955048
stopped,bundle,org.eclipse.rse.connectorservice.ssh,2.1.100.v200905272300,"org.eclipse.rse.connectorservice.ssh",1412543955048
stopped,bundle,org.eclipse.rse.connectorservice.telnet,1.2.1.v200908051630,"org.eclipse.rse.connectorservice.telnet",1412543955048
stopped,bundle,org.eclipse.rse.dstore.security,3.0.200.v201003010830,"org.eclipse.rse.dstore.security",1412543955048
stopped,bundle,org.eclipse.rse.efs,2.1.200.v201005262000,"org.eclipse.rse.efs",1412543955048
stopped,bundle,org.eclipse.rse.subsystems.files.ftp,2.1.100.v200905272300,"org.eclipse.rse.subsystems.files.ftp",1412543955048
stopped,bundle,org.eclipse.rse.subsystems.shells.core,3.1.100.v201003010830,"org.eclipse.rse.subsystems.shells.core",1412543955048
stopped,bundle,org.eclipse.rse.subsystems.files.core,3.2.1.v201008191400,"org.eclipse.rse.subsystems.files.core",1412543955048
stopped,bundle,org.eclipse.rse.subsystems.processes.shell.linux,1.1.100.v200905272300,"org.eclipse.rse.subsystems.processes.shell.linux",1412543955048
stopped,bundle,org.eclipse.rse.subsystems.processes.core,3.1.100.v201003010830,"org.eclipse.rse.subsystems.processes.core",1412543955048
stopped,bundle,org.eclipse.rse.terminals.ui,1.0.100.v201006041352,"org.eclipse.rse.terminals.ui",1412543955048
stopped,bundle,org.eclipse.rse.ui,3.1.102.R32x_v201102011435,"org.eclipse.rse.ui",1412543955048
stopped,bundle,org.hibernate.eclipse,3.4.1.v20111025-0625-H210-Final,"org.hibernate.eclipse",1412543955062
stopped,bundle,org.eclipse.ui.console,3.5.0.v20100526,"org.eclipse.ui.console",1412543955063
stopped,bundle,org.eclipse.mylyn.commons.ui,3.4.0.v20100608-0100-e3x,"org.eclipse.mylyn.commons.ui",1412543955063
stopped,bundle,org.eclipse.ui.editors,3.6.1.r361_v20100825-0800,"org.eclipse.ui.editors",1412543955064
stopped,bundle,org.eclipse.wst.common.snippets,1.2.2.v201101130441,"org.eclipse.wst.common.snippets",1412543955064
stopped,bundle,org.eclipse.ui.workbench.texteditor,3.6.1.r361_v20100714-0800,"org.eclipse.ui.workbench.texteditor",1412543955064
stopped,bundle,org.eclipse.compare.core,3.5.101.R36x_v20100929-0800,"org.eclipse.compare.core",1412543955065
stopped,bundle,org.eclipse.emf.databinding.edit,1.2.0.v20100914-1218,"org.eclipse.emf.databinding.edit",1412543955065
stopped,bundle,org.eclipse.emf.databinding,1.2.0.v20100914-1218,"org.eclipse.emf.databinding",1412543955065
stopped,bundle,org.eclipse.datatools.connectivity.apache.derby.ui,1.0.3.v201007080903,"org.eclipse.datatools.connectivity.apache.derby.ui",1412543955065
stopped,bundle,org.eclipse.datatools.enablement.hsqldb.ui,1.0.0.v200906020900,"org.eclipse.datatools.enablement.hsqldb.ui",1412543955065
stopped,bundle,org.eclipse.datatools.enablement.sqlite.ui,1.0.0.v200906020900,"org.eclipse.datatools.enablement.sqlite.ui",1412543955065
stopped,bundle,org.eclipse.datatools.enablement.sybase.ui,1.0.0.v200906090458,"org.eclipse.datatools.enablement.sybase.ui",1412543955065
stopped,bundle,org.eclipse.datatools.connectivity.sqm.server.ui,1.1.100.v201009280455,"org.eclipse.datatools.connectivity.sqm.server.ui",1412543955065
stopped,bundle,org.eclipse.emf.exporter,2.6.0.v20100521-1846,"org.eclipse.emf.exporter",1412543955065
stopped,bundle,org.eclipse.emf.importer.ecore,2.6.0.v20100521-1846,"org.eclipse.emf.importer.ecore",1412543955065
stopped,bundle,org.eclipse.emf.importer.java,2.6.0.v20100521-1846,"org.eclipse.emf.importer.java",1412543955065
stopped,bundle,org.eclipse.emf.importer.rose,2.6.0.v20100521-1846,"org.eclipse.emf.importer.rose",1412543955065
stopped,bundle,org.eclipse.emf.importer,2.6.0.v20100521-1846,"org.eclipse.emf.importer",1412543955065
stopped,bundle,org.eclipse.emf.converter,2.5.0.v20100914-1218,"org.eclipse.emf.converter",1412543955065
stopped,bundle,org.eclipse.emf.codegen.ecore.ui,2.6.0.v20100914-1218,"org.eclipse.emf.codegen.ecore.ui",1412543955065
stopped,bundle,org.eclipse.emf.mapping.ecore2ecore.editor,2.4.0.v20100521-1847,"org.eclipse.emf.mapping.ecore2ecore.editor",1412543955065
stopped,bundle,org.eclipse.emf.ecore.editor,2.6.0.v20100914-1218,"org.eclipse.emf.ecore.editor",1412543955065
stopped,bundle,org.eclipse.emf.mapping.ecore2xml.ui,2.5.0.v20100521-1847,"org.eclipse.emf.mapping.ecore2xml.ui",1412543955065
stopped,bundle,org.eclipse.emf.mapping.ui,2.6.0.v20100914-1218,"org.eclipse.emf.mapping.ui",1412543955065
stopped,bundle,org.jboss.tools.portlet.core,1.2.0.v20111025-0629-H191-Final,"org.jboss.tools.portlet.core",1412543955065
stopped,bundle,org.eclipse.jst.jsf.facesconfig,1.2.1.v20100906,"org.eclipse.jst.jsf.facesconfig",1412543955065
stopped,bundle,org.eclipse.emf.edit.ui,2.6.0.v20100914-1218,"org.eclipse.emf.edit.ui",1412543955065
stopped,bundle,org.eclipse.gef,3.6.2.v20110110-2020,"org.eclipse.gef",1412543955066
stopped,bundle,org.eclipse.datatools.enablement.postgresql.ui,1.0.0.v200906020900,"org.eclipse.datatools.enablement.postgresql.ui",1412543955066
stopped,bundle,org.eclipse.datatools.connectivity.db.generic.ui,1.0.1.v201004070709,"org.eclipse.datatools.connectivity.db.generic.ui",1412543955067
stopped,bundle,org.eclipse.datatools.connectivity.oda.flatfile.ui,3.1.1.v201101261130,"org.eclipse.datatools.connectivity.oda.flatfile.ui",1412543955067
stopped,bundle,org.eclipse.datatools.enablement.oda.ws.ui,1.2.2.v201012301630,"org.eclipse.datatools.enablement.oda.ws.ui",1412543955067
stopped,bundle,org.eclipse.datatools.enablement.oda.xml.ui,1.2.1.v201012161115,"org.eclipse.datatools.enablement.oda.xml.ui",1412543955067
stopped,bundle,org.eclipse.datatools.connectivity.oda.design.ui,3.2.4.v201012150951,"org.eclipse.datatools.connectivity.oda.design.ui",1412543955067
stopped,bundle,org.eclipse.datatools.connectivity.sqm.core.ui,1.2.0.v201002281800,"org.eclipse.datatools.connectivity.sqm.core.ui",1412543955067
stopped,bundle,org.eclipse.datatools.enablement.ibm.db2.iseries.ui,1.0.1.v201005211230,"org.eclipse.datatools.enablement.ibm.db2.iseries.ui",1412543955067
stopped,bundle,org.eclipse.datatools.enablement.ibm.db2.luw.ui,1.0.2.v201005211230,"org.eclipse.datatools.enablement.ibm.db2.luw.ui",1412543955067
stopped,bundle,org.eclipse.datatools.enablement.ibm.db2.zseries.ui,1.0.1.v201005211230,"org.eclipse.datatools.enablement.ibm.db2.zseries.ui",1412543955067
stopped,bundle,org.eclipse.datatools.enablement.ibm.informix.ui,1.0.2.v201005211230,"org.eclipse.datatools.enablement.ibm.informix.ui",1412543955067
stopped,bundle,org.eclipse.datatools.enablement.msft.sqlserver.ui,1.0.1.v200908130512,"org.eclipse.datatools.enablement.msft.sqlserver.ui",1412543955067
stopped,bundle,org.eclipse.datatools.enablement.mysql.ui,1.0.0.v200906020900,"org.eclipse.datatools.enablement.mysql.ui",1412543955067
stopped,bundle,org.eclipse.datatools.enablement.oracle.ui,1.0.2.v201005051303,"org.eclipse.datatools.enablement.oracle.ui",1412543955068
stopped,bundle,org.eclipse.datatools.enablement.sap.maxdb.ui,1.0.0.v200906020900,"org.eclipse.datatools.enablement.sap.maxdb.ui",1412543955068
stopped,bundle,org.eclipse.datatools.connectivity.ui,1.2.1.v201010211415,"org.eclipse.datatools.connectivity.ui",1412543955068
stopped,bundle,org.eclipse.datatools.enablement.ibm.ui,1.0.0.v200906020900,"org.eclipse.datatools.enablement.ibm.ui",1412543955068
stopped,bundle,org.eclipse.datatools.sqltools.sql.ui,1.0.0.v200906022302,"org.eclipse.datatools.sqltools.sql.ui",1412543955068
stopped,bundle,org.eclipse.rse.services.dstore,3.1.102.R32x_v201102011435,"org.eclipse.rse.services.dstore",1412543955068
stopped,bundle,org.eclipse.dstore.core,3.2.2.R32x_v201102121806,"org.eclipse.dstore.core",1412543955068
stopped,bundle,org.eclipse.dstore.extra,2.1.101.v200907301400,"org.eclipse.dstore.extra",1412543955068
stopped,bundle,org.eclipse.emf.codegen.ui,2.6.0.v20100914-1218,"org.eclipse.emf.codegen.ui",1412543955068
stopped,bundle,org.eclipse.emf.common.ui,2.6.0.v20100914-1218,"org.eclipse.emf.common.ui",1412543955068
stopped,bundle,org.eclipse.epp.mpc.ui,1.0.1.v20100826-2143,"org.eclipse.epp.mpc.ui",1412543955068
stopped,bundle,org.eclipse.epp.usagedata.ui,1.3.1.R201102081640,"org.eclipse.epp.usagedata.ui",1412543955068
